<?xml version="1.0" encoding="UTF-8"?>
<actions>
        <action>
            <actionName>CUSTOM-run</actionName>
            <displayName>run</displayName>
            <goals>
                <goal>spring-boot:run</goal>
            </goals>
        </action>
        <action>
            <actionName>CUSTOM-spring-boot:run</actionName>
            <displayName>spring-boot:run</displayName>
            <goals>
                <goal>spring-boot:run</goal>
            </goals>
            <activatedProfiles>
                <activatedProfile>spring-boot:run</activatedProfile>
            </activatedProfiles>
        </action>
    </actions>
